{
  "config": {
    "experiment_id": "beta0.95_steps50",
    "neuron_model": "Leaky",
    "dataset": "MNIST",
    "encoding": "rate",
    "beta": 0.95,
    "alpha": null,
    "num_steps": 50,
    "threshold": 1.0,
    "reset_mechanism": "subtract",
    "learn_beta": false,
    "learn_alpha": false,
    "inhibition": false,
    "batch_size": 128,
    "lr": 0.0005,
    "optimizer_name": "Adam",
    "num_epochs": 1,
    "hidden_size": 1000,
    "seed": 42,
    "tau": 5.0
  },
  "final_train_acc": 0.9138788728632479,
  "final_test_acc": 0.9555288461538461,
  "best_test_acc": 0.9555288461538461,
  "best_test_epoch": 0,
  "per_layer_spike_density": {
    "hidden": 0.037325645699786324,
    "output": 0.03276252003205128
  },
  "per_layer_mem_stats": {
    "hidden": {
      "mean": -2.0907401347155448,
      "var": 9.411830632999882
    },
    "output": {
      "mean": -0.750221675253322,
      "var": 2.1916073432608396
    }
  },
  "loss_curve": [
    0.9072844145946906
  ],
  "accuracy_curve": [
    0.9555288461538461
  ],
  "wall_clock_time": 240.3219006061554,
  "avg_epoch_time": 240.3219006061554,
  "learned_params": {},
  "timestamp": "20260306T175907Z"
}