{
  "config": {
    "experiment_id": "beta0.8_steps100",
    "neuron_model": "Leaky",
    "dataset": "MNIST",
    "encoding": "rate",
    "beta": 0.8,
    "alpha": null,
    "num_steps": 100,
    "threshold": 1.0,
    "reset_mechanism": "subtract",
    "learn_beta": false,
    "learn_alpha": false,
    "inhibition": false,
    "batch_size": 128,
    "lr": 0.0005,
    "optimizer_name": "Adam",
    "num_epochs": 1,
    "hidden_size": 1000,
    "seed": 42,
    "tau": 5.0
  },
  "final_train_acc": 0.9169838408119658,
  "final_test_acc": 0.952323717948718,
  "best_test_acc": 0.952323717948718,
  "best_test_epoch": 0,
  "per_layer_spike_density": {
    "hidden": 0.011686648637820513,
    "output": 0.0010749866452991453
  },
  "per_layer_mem_stats": {
    "hidden": {
      "mean": -0.7947202037009214,
      "var": 1.2308120873260937
    },
    "output": {
      "mean": -0.08332614608503815,
      "var": 0.07463553749798452
    }
  },
  "loss_curve": [
    1.1259821731613104
  ],
  "accuracy_curve": [
    0.952323717948718
  ],
  "wall_clock_time": 456.52112007141113,
  "avg_epoch_time": 456.52112007141113,
  "learned_params": {},
  "timestamp": "20260306T173511Z"
}