{
  "config": {
    "experiment_id": "beta0.9_steps50",
    "neuron_model": "Leaky",
    "dataset": "MNIST",
    "encoding": "rate",
    "beta": 0.9,
    "alpha": null,
    "num_steps": 50,
    "threshold": 1.0,
    "reset_mechanism": "subtract",
    "learn_beta": false,
    "learn_alpha": false,
    "inhibition": false,
    "batch_size": 128,
    "lr": 0.0005,
    "optimizer_name": "Adam",
    "num_epochs": 1,
    "hidden_size": 1000,
    "seed": 42,
    "tau": 5.0
  },
  "final_train_acc": 0.9057658920940171,
  "final_test_acc": 0.946113782051282,
  "best_test_acc": 0.946113782051282,
  "best_test_epoch": 0,
  "per_layer_spike_density": {
    "hidden": 0.0382248530982906,
    "output": 0.03199779647435898
  },
  "per_layer_mem_stats": {
    "hidden": {
      "mean": -1.0983011212106035,
      "var": 3.577785247775202
    },
    "output": {
      "mean": -0.5272324994731153,
      "var": 1.1076941171056138
    }
  },
  "loss_curve": [
    0.8802831884489483
  ],
  "accuracy_curve": [
    0.946113782051282
  ],
  "wall_clock_time": 240.051744222641,
  "avg_epoch_time": 240.051744222641,
  "learned_params": {},
  "timestamp": "20260306T174510Z"
}