{
  "config": {
    "experiment_id": "beta0.9_steps100",
    "neuron_model": "Leaky",
    "dataset": "MNIST",
    "encoding": "rate",
    "beta": 0.9,
    "alpha": null,
    "num_steps": 100,
    "threshold": 1.0,
    "reset_mechanism": "subtract",
    "learn_beta": false,
    "learn_alpha": false,
    "inhibition": false,
    "batch_size": 128,
    "lr": 0.0005,
    "optimizer_name": "Adam",
    "num_epochs": 1,
    "hidden_size": 1000,
    "seed": 42,
    "tau": 5.0
  },
  "final_train_acc": 0.8953492254273504,
  "final_test_acc": 0.9454126602564102,
  "best_test_acc": 0.9454126602564102,
  "best_test_epoch": 0,
  "per_layer_spike_density": {
    "hidden": 0.03815074452457265,
    "output": 0.03436700387286325
  },
  "per_layer_mem_stats": {
    "hidden": {
      "mean": -1.2882334021100428,
      "var": 4.266504092713626
    },
    "output": {
      "mean": -0.5801471872248202,
      "var": 1.2664070208369955
    }
  },
  "loss_curve": [
    1.806120227290015
  ],
  "accuracy_curve": [
    0.9454126602564102
  ],
  "wall_clock_time": 454.4058327674866,
  "avg_epoch_time": 454.4058327674866,
  "learned_params": {},
  "timestamp": "20260306T174910Z"
}