{
  "config": {
    "experiment_id": "beta0.7_steps25",
    "neuron_model": "Leaky",
    "dataset": "MNIST",
    "encoding": "rate",
    "beta": 0.7,
    "alpha": null,
    "num_steps": 25,
    "threshold": 1.0,
    "reset_mechanism": "subtract",
    "learn_beta": false,
    "learn_alpha": false,
    "inhibition": false,
    "batch_size": 128,
    "lr": 0.0005,
    "optimizer_name": "Adam",
    "num_epochs": 1,
    "hidden_size": 1000,
    "seed": 42,
    "tau": 5.0
  },
  "final_train_acc": 0.9328425480769231,
  "final_test_acc": 0.9593349358974359,
  "best_test_acc": 0.9593349358974359,
  "best_test_epoch": 0,
  "per_layer_spike_density": {
    "hidden": 0.013848439503205127,
    "output": 0.0008336004273504274
  },
  "per_layer_mem_stats": {
    "hidden": {
      "mean": -0.34903965119190705,
      "var": 0.6182575580403298
    },
    "output": {
      "mean": -0.11073681379790999,
      "var": 0.08088365990795487
    }
  },
  "loss_curve": [
    0.25248155838403946
  ],
  "accuracy_curve": [
    0.9593349358974359
  ],
  "wall_clock_time": 139.72245073318481,
  "avg_epoch_time": 139.72245073318481,
  "learned_params": {},
  "timestamp": "20260306T170846Z"
}