{
  "config": {
    "experiment_id": "beta0.8_steps50",
    "neuron_model": "Leaky",
    "dataset": "MNIST",
    "encoding": "rate",
    "beta": 0.8,
    "alpha": null,
    "num_steps": 50,
    "threshold": 1.0,
    "reset_mechanism": "subtract",
    "learn_beta": false,
    "learn_alpha": false,
    "inhibition": false,
    "batch_size": 128,
    "lr": 0.0005,
    "optimizer_name": "Adam",
    "num_epochs": 1,
    "hidden_size": 1000,
    "seed": 42,
    "tau": 5.0
  },
  "final_train_acc": 0.9212907318376068,
  "final_test_acc": 0.9569310897435898,
  "best_test_acc": 0.9569310897435898,
  "best_test_epoch": 0,
  "per_layer_spike_density": {
    "hidden": 0.012140918803418804,
    "output": 0.0010890424679487179
  },
  "per_layer_mem_stats": {
    "hidden": {
      "mean": -0.7301679419571314,
      "var": 1.1528416108062496
    },
    "output": {
      "mean": -0.08564954841646374,
      "var": 0.07764612995501625
    }
  },
  "loss_curve": [
    0.555488431141672
  ],
  "accuracy_curve": [
    0.9569310897435898
  ],
  "wall_clock_time": 239.93989419937134,
  "avg_epoch_time": 239.93989419937134,
  "learned_params": {},
  "timestamp": "20260306T173111Z"
}