{
  "config": {
    "experiment_id": "beta0.99_steps100",
    "neuron_model": "Leaky",
    "dataset": "MNIST",
    "encoding": "rate",
    "beta": 0.99,
    "alpha": null,
    "num_steps": 100,
    "threshold": 1.0,
    "reset_mechanism": "subtract",
    "learn_beta": false,
    "learn_alpha": false,
    "inhibition": false,
    "batch_size": 128,
    "lr": 0.0005,
    "optimizer_name": "Adam",
    "num_epochs": 1,
    "hidden_size": 1000,
    "seed": 42,
    "tau": 5.0
  },
  "final_train_acc": 0.9149472489316239,
  "final_test_acc": 0.9536258012820513,
  "best_test_acc": 0.9536258012820513,
  "best_test_epoch": 0,
  "per_layer_spike_density": {
    "hidden": 0.03181899305555556,
    "output": 0.02747182158119658
  },
  "per_layer_mem_stats": {
    "hidden": {
      "mean": -7.35528647369124,
      "var": 86.76202713459281
    },
    "output": {
      "mean": -1.8739788674900675,
      "var": 14.164094024304479
    }
  },
  "loss_curve": [
    3.315669125980801
  ],
  "accuracy_curve": [
    0.9536258012820513
  ],
  "wall_clock_time": 453.784104347229,
  "avg_epoch_time": 453.784104347229,
  "learned_params": {},
  "timestamp": "20260306T181706Z"
}