{
  "config": {
    "experiment_id": "beta0.7_steps50",
    "neuron_model": "Leaky",
    "dataset": "MNIST",
    "encoding": "rate",
    "beta": 0.7,
    "alpha": null,
    "num_steps": 50,
    "threshold": 1.0,
    "reset_mechanism": "subtract",
    "learn_beta": false,
    "learn_alpha": false,
    "inhibition": false,
    "batch_size": 128,
    "lr": 0.0005,
    "optimizer_name": "Adam",
    "num_epochs": 1,
    "hidden_size": 1000,
    "seed": 42,
    "tau": 5.0
  },
  "final_train_acc": 0.9248464209401709,
  "final_test_acc": 0.9575320512820513,
  "best_test_acc": 0.9575320512820513,
  "best_test_epoch": 0,
  "per_layer_spike_density": {
    "hidden": 0.009520613982371796,
    "output": 6.159855769230769e-05
  },
  "per_layer_mem_stats": {
    "hidden": {
      "mean": -0.42036703441130807,
      "var": 0.6299429220653382
    },
    "output": {
      "mean": -0.07267692268404187,
      "var": 0.03608199698891684
    }
  },
  "loss_curve": [
    0.35684442860830545
  ],
  "accuracy_curve": [
    0.9575320512820513
  ],
  "wall_clock_time": 235.22232174873352,
  "avg_epoch_time": 235.22232174873352,
  "learned_params": {},
  "timestamp": "20260306T171106Z"
}