{
  "config": {
    "experiment_id": "beta0.8_steps25",
    "neuron_model": "Leaky",
    "dataset": "MNIST",
    "encoding": "rate",
    "beta": 0.8,
    "alpha": null,
    "num_steps": 25,
    "threshold": 1.0,
    "reset_mechanism": "subtract",
    "learn_beta": false,
    "learn_alpha": false,
    "inhibition": false,
    "batch_size": 128,
    "lr": 0.0005,
    "optimizer_name": "Adam",
    "num_epochs": 1,
    "hidden_size": 1000,
    "seed": 42,
    "tau": 5.0
  },
  "final_train_acc": 0.9298210470085471,
  "final_test_acc": 0.9609375,
  "best_test_acc": 0.9609375,
  "best_test_epoch": 0,
  "per_layer_spike_density": {
    "hidden": 0.014953735977564102,
    "output": 0.0025910790598290597
  },
  "per_layer_mem_stats": {
    "hidden": {
      "mean": -0.5953776556865985,
      "var": 1.029143383807848
    },
    "output": {
      "mean": -0.10888488528259799,
      "var": 0.1071452334043187
    }
  },
  "loss_curve": [
    0.3110967143279556
  ],
  "accuracy_curve": [
    0.9609375
  ],
  "wall_clock_time": 142.8272349834442,
  "avg_epoch_time": 142.8272349834442,
  "learned_params": {},
  "timestamp": "20260306T172848Z"
}