{
  "config": {
    "experiment_id": "lat_beta0.95_tau2_latency_linear_steps25",
    "neuron_model": "Leaky",
    "dataset": "MNIST",
    "encoding": "latency",
    "beta": 0.95,
    "alpha": null,
    "num_steps": 25,
    "threshold": 1.0,
    "reset_mechanism": "subtract",
    "learn_beta": false,
    "learn_alpha": false,
    "inhibition": false,
    "batch_size": 128,
    "lr": 0.0005,
    "optimizer_name": "Adam",
    "num_epochs": 1,
    "hidden_size": 1000,
    "seed": 42,
    "tau": 2,
    "latency_linear": true
  },
  "final_train_acc": 0.8627303685897436,
  "final_test_acc": 0.9244791666666666,
  "best_test_acc": 0.9244791666666666,
  "best_test_epoch": 0,
  "per_layer_spike_density": {
    "hidden": 0.013524340277777777,
    "output": 0.007746394230769231
  },
  "per_layer_mem_stats": {
    "hidden": {
      "mean": 0.174383901831146,
      "var": 0.3225250194472761
    },
    "output": {
      "mean": -0.2541095509814401,
      "var": 0.2779835035101197
    }
  },
  "loss_curve": [
    0.5080004166811705
  ],
  "accuracy_curve": [
    0.9244791666666666
  ],
  "wall_clock_time": 121.98114109039307,
  "avg_epoch_time": 121.98114109039307,
  "learned_params": {},
  "timestamp": "20260306T203723Z"
}