{
  "config": {
    "experiment_id": "lat_beta0.95_tau10_latency_exp_steps25",
    "neuron_model": "Leaky",
    "dataset": "MNIST",
    "encoding": "latency",
    "beta": 0.95,
    "alpha": null,
    "num_steps": 25,
    "threshold": 1.0,
    "reset_mechanism": "subtract",
    "learn_beta": false,
    "learn_alpha": false,
    "inhibition": false,
    "batch_size": 128,
    "lr": 0.0005,
    "optimizer_name": "Adam",
    "num_epochs": 1,
    "hidden_size": 1000,
    "seed": 42,
    "tau": 10,
    "latency_linear": false
  },
  "final_train_acc": 0.8073584401709402,
  "final_test_acc": 0.8954326923076923,
  "best_test_acc": 0.8954326923076923,
  "best_test_epoch": 0,
  "per_layer_spike_density": {
    "hidden": 0.015583484909188034,
    "output": 0.01768923611111111
  },
  "per_layer_mem_stats": {
    "hidden": {
      "mean": 0.13409200966989893,
      "var": 0.33513485612352706
    },
    "output": {
      "mean": -0.6767562233851506,
      "var": 0.9583125397925859
    }
  },
  "loss_curve": [
    1.014510728737228
  ],
  "accuracy_curve": [
    0.8954326923076923
  ],
  "wall_clock_time": 124.83708930015564,
  "avg_epoch_time": 124.83708930015564,
  "learned_params": {},
  "timestamp": "20260306T204332Z"
}