{
  "config": {
    "experiment_id": "reset_zero_beta0.99_steps25",
    "neuron_model": "Leaky",
    "dataset": "MNIST",
    "encoding": "rate",
    "beta": 0.99,
    "alpha": null,
    "num_steps": 25,
    "threshold": 1.0,
    "reset_mechanism": "zero",
    "learn_beta": false,
    "learn_alpha": false,
    "inhibition": false,
    "batch_size": 128,
    "lr": 0.0005,
    "optimizer_name": "Adam",
    "num_epochs": 1,
    "hidden_size": 1000,
    "seed": 42,
    "tau": 5.0,
    "latency_linear": false
  },
  "final_train_acc": 0.9037960737179487,
  "final_test_acc": 0.9325921474358975,
  "best_test_acc": 0.9325921474358975,
  "best_test_epoch": 0,
  "per_layer_spike_density": {
    "hidden": 0.06247661925747863,
    "output": 0.07834628739316239
  },
  "per_layer_mem_stats": {
    "hidden": {
      "mean": -1.5110580353565706,
      "var": 8.781111878340965
    },
    "output": {
      "mean": -0.5412217013611753,
      "var": 2.8112345356478734
    }
  },
  "loss_curve": [
    0.46962623302148193
  ],
  "accuracy_curve": [
    0.9325921474358975
  ],
  "wall_clock_time": 142.93083786964417,
  "avg_epoch_time": 142.93083786964417,
  "learned_params": {},
  "timestamp": "20260306T212826Z"
}