{
  "config": {
    "experiment_id": "syn_a0.3_b0.5_steps25",
    "neuron_model": "Synaptic",
    "dataset": "MNIST",
    "encoding": "rate",
    "beta": 0.5,
    "alpha": 0.3,
    "num_steps": 25,
    "threshold": 1.0,
    "reset_mechanism": "subtract",
    "learn_beta": false,
    "learn_alpha": false,
    "inhibition": false,
    "batch_size": 128,
    "lr": 0.0005,
    "optimizer_name": "Adam",
    "num_epochs": 1,
    "hidden_size": 1000,
    "seed": 42,
    "tau": 5.0,
    "latency_linear": false
  },
  "final_train_acc": 0.9301215277777778,
  "final_test_acc": 0.9594350961538461,
  "best_test_acc": 0.9594350961538461,
  "best_test_epoch": 0,
  "per_layer_spike_density": {
    "hidden": 0.01649012486645299,
    "output": 0.0017905982905982907
  },
  "per_layer_mem_stats": {
    "hidden": {
      "mean": -0.2854588791962974,
      "var": 0.5234907231547805
    },
    "output": {
      "mean": -0.11635867793743428,
      "var": 0.09543797420162993
    }
  },
  "loss_curve": [
    0.26997892219477737
  ],
  "accuracy_curve": [
    0.9594350961538461
  ],
  "wall_clock_time": 149.12875056266785,
  "avg_epoch_time": 149.12875056266785,
  "learned_params": {},
  "timestamp": "20260312T064115Z"
}