{
  "config": {
    "experiment_id": "syn_a0.3_b0.8_steps25",
    "neuron_model": "Synaptic",
    "dataset": "MNIST",
    "encoding": "rate",
    "beta": 0.8,
    "alpha": 0.3,
    "num_steps": 25,
    "threshold": 1.0,
    "reset_mechanism": "subtract",
    "learn_beta": false,
    "learn_alpha": false,
    "inhibition": false,
    "batch_size": 128,
    "lr": 0.0005,
    "optimizer_name": "Adam",
    "num_epochs": 1,
    "hidden_size": 1000,
    "seed": 42,
    "tau": 5.0,
    "latency_linear": false
  },
  "final_train_acc": 0.9166165865384616,
  "final_test_acc": 0.953125,
  "best_test_acc": 0.953125,
  "best_test_epoch": 0,
  "per_layer_spike_density": {
    "hidden": 0.03937401909722222,
    "output": 0.039501669337606835
  },
  "per_layer_mem_stats": {
    "hidden": {
      "mean": -0.7586620880074786,
      "var": 1.966731698666714
    },
    "output": {
      "mean": -0.3545073077536037,
      "var": 0.742422525480061
    }
  },
  "loss_curve": [
    0.4662775555705158
  ],
  "accuracy_curve": [
    0.953125
  ],
  "wall_clock_time": 146.66339421272278,
  "avg_epoch_time": 146.66339421272278,
  "learned_params": {},
  "timestamp": "20260312T064419Z"
}