{
  "config": {
    "experiment_id": "thr1.5_beta0.99_steps25",
    "neuron_model": "Leaky",
    "dataset": "MNIST",
    "encoding": "rate",
    "beta": 0.99,
    "alpha": null,
    "num_steps": 25,
    "threshold": 1.5,
    "reset_mechanism": "subtract",
    "learn_beta": false,
    "learn_alpha": false,
    "inhibition": false,
    "batch_size": 128,
    "lr": 0.0005,
    "optimizer_name": "Adam",
    "num_epochs": 1,
    "hidden_size": 1000,
    "seed": 42,
    "tau": 5.0,
    "latency_linear": false
  },
  "final_train_acc": 0.9147970085470085,
  "final_test_acc": 0.9521233974358975,
  "best_test_acc": 0.9521233974358975,
  "best_test_epoch": 0,
  "per_layer_spike_density": {
    "hidden": 0.030751959802350428,
    "output": 0.01757905982905983
  },
  "per_layer_mem_stats": {
    "hidden": {
      "mean": -1.7041101950620994,
      "var": 9.524088997973234
    },
    "output": {
      "mean": -0.5248910606579903,
      "var": 1.5142117768998469
    }
  },
  "loss_curve": [
    0.569243394690128
  ],
  "accuracy_curve": [
    0.9521233974358975
  ],
  "wall_clock_time": 136.9162619113922,
  "avg_epoch_time": 136.9162619113922,
  "learned_params": {},
  "timestamp": "20260306T212132Z"
}