{
  "config": {
    "experiment_id": "thr2.0_beta0.99_steps25",
    "neuron_model": "Leaky",
    "dataset": "MNIST",
    "encoding": "rate",
    "beta": 0.99,
    "alpha": null,
    "num_steps": 25,
    "threshold": 2.0,
    "reset_mechanism": "subtract",
    "learn_beta": false,
    "learn_alpha": false,
    "inhibition": false,
    "batch_size": 128,
    "lr": 0.0005,
    "optimizer_name": "Adam",
    "num_epochs": 1,
    "hidden_size": 1000,
    "seed": 42,
    "tau": 5.0,
    "latency_linear": false
  },
  "final_train_acc": 0.9255308493589743,
  "final_test_acc": 0.9621394230769231,
  "best_test_acc": 0.9621394230769231,
  "best_test_epoch": 0,
  "per_layer_spike_density": {
    "hidden": 0.01159647235576923,
    "output": 0.001607505341880342
  },
  "per_layer_mem_stats": {
    "hidden": {
      "mean": -2.1883897242254275,
      "var": 10.334839616293447
    },
    "output": {
      "mean": -0.19183737837962614,
      "var": 0.3288370923596619
    }
  },
  "loss_curve": [
    0.4651863087828343
  ],
  "accuracy_curve": [
    0.9621394230769231
  ],
  "wall_clock_time": 138.90454626083374,
  "avg_epoch_time": 138.90454626083374,
  "learned_params": {},
  "timestamp": "20260306T212349Z"
}